Name;Category;Measure1;Measure2;Measure3;Measure4;Ingredient1;Ingredient2;Ingredient3;Ingredient4;Instructions
Molotov;Cocktail;1;3/4 filling;1;null;Bottle;Fuel (Alcohol, Gasoline etc.);Fuse;null;Get a bottle, fill it up with your choice in fuel, put your fuse half in and make sure that no liquid can drip out, light the fuse and don't forget to shout out the app when you throw it.
Gin Tonic;Cocktail;4 cl;10 cl;1 Slice;cubes;Gin;Tonic Water;Lemon Peel ;Ice ;Fill a highball glass with ice, pour the gin, top with tonic water and squeeze a lemon wedge and garnish with a lemon wedge.
Gimlet;Cocktail;2 1/2 oz;1/2 oz;1/2 oz;1;Gin;Lime Juice;Sugar Syrup;Lime;Add all the ingredients to a shaker and fill with ice.\r\n\r\nShake, and strain into a chilled cocktail glass or an Old Fashioned glass filled with fresh ice.\r\n\r\nGarnish with a lime wheel.
Dark and Stormy;Ordinary Drink;5 cl;10 cl;null;null;Dark Rum;Ginger Beer;null;null;In a highball glass filled with ice add 6cl dark rum and top with ginger beer. Garnish with lime wedge.
Espresso Martini;Cocktail;5 cl;1 cl;1 dash;null;Vodka;Kahlua;Sugar syrup;null;Pour ingredients into shaker filled with ice, shake vigorously, and strain into chilled martini glass
Cosmopolitan;Cocktail;1 1/4 oz;1/4 oz;1/4 oz;1/4 cup;Absolut Citron;Lime juice;Cointreau;Cranberry juice;Add all ingredients into cocktail shaker filled with ice. Shake well and double strain into large cocktail glass. Garnish with lime wheel.
Daiquiri;Ordinary Drink;1 1/2 oz;Juice of 1/2;1 tbs;null;Light rum;Lime;Powdered sugar;null;Pour all ingredients into shaker with ice cubes. Shake well. Strain in chilled cocktail glass.
Negroni;Ordinary Drink;1 oz;1 oz;1oz;null;Gin;Campari;Sweet Vermouth;null;Stir into glass over ice, garnish and serve.
Caipirinha;Ordinary Drink;2 tsp;1;2 1/2 oz;null;Sugar;Lime;Cachaca;null;Place lime and sugar into old fashioned glass and muddle (mash the two ingredients together using a muddler or a wooden spoon). Fill the glass with ice and add the Cachaça.
Aperol Spritz;Cocktail;100 ml;150 ml;Top;null;Aperol;Prosecco;Soda Water;null;Put a couple of cubes of ice into 2 glasses and add a 50 ml measure of Aperol to each. Divide the prosecco between the glasses and then top up with soda, if you like.
Pina Colada;Ordinary Drink;3 oz;3 tblsp;3 tblsp;null;Light rum;Coconut milk;Pineapple;null;Mix with crushed ice in blender until smooth. Pour into chilled glass, garnish and serve.